{"loss": 572.9782796651125, "_runtime": 348, "_timestamp": 1623161274, "_step": 1, "accuracy": 0.777302086353302}