{"loss": 585.4336661100388, "_runtime": 390, "_timestamp": 1623160461, "_step": 1, "accuracy": 0.769789457321167}