{"loss": 592.5568977296352, "_runtime": 379, "_timestamp": 1623163548, "_step": 3, "accuracy": 0.7685900926589966, "Train Loss": {"_type": "image-file", "path": "media/images/Train Loss_3_90527195.png", "sha256": "9052719558d7c137ceb44adb15d811bb318fd2db1ab766ac9f0fde671d72eb88", "size": 13683, "format": "png", "width": 640, "height": 480}}