{"loss": 561.7377209216356, "_runtime": 389, "_timestamp": 1623163002, "_step": 1, "accuracy": 0.7807002663612366}