{"loss": 382.0625386983156, "_runtime": 741, "_timestamp": 1623158839, "_step": 3, "accuracy": 0.8533282279968262}