{"loss": 71.23428113292903, "_runtime": 662, "_timestamp": 1623753198, "_step": 5, "accuracy": 0.9775786399841309, "Train Loss": {"_type": "image-file", "path": "media/images/Train Loss_5_904e56ca.png", "sha256": "904e56ca46711e57ac04d0555273c1cf3314fb019443253954a21ff2f8b2bc8b", "size": 21196, "format": "png", "width": 640, "height": 480}}