{"loss": 580.893152564764, "_runtime": 405, "_timestamp": 1623162509, "_step": 1, "accuracy": 0.7740538120269775}