{"loss": 375.74790143966675, "_runtime": 748, "_timestamp": 1623159651, "_step": 3, "accuracy": 0.853827953338623}